region,disease,year,cases,deaths,mortality_rate,healthcare_access_score,population
Nairobi,Malaria,2018,2378,43,1.55,0.85,637337
Nairobi,Malaria,2019,1268,27,2.38,0.74,541090
Nairobi,Malaria,2020,2341,93,3.17,0.7,603355
Nairobi,Malaria,2021,1456,29,2.83,0.71,2048762
Nairobi,Malaria,2022,2238,32,1.14,0.76,1678557
Nairobi,Malaria,2023,2030,56,2.15,0.82,831236
Nairobi,Malaria,2024,3595,59,2.35,0.94,1788205
Nairobi,Malaria,2025,1432,12,1.05,0.76,1178843
Nairobi,Respiratory Infections,2018,6763,95,1.75,0.8,960337
Nairobi,Respiratory Infections,2019,10152,95,1.14,0.84,771836
Nairobi,Respiratory Infections,2020,11807,129,1.17,0.93,1450110
Nairobi,Respiratory Infections,2021,10053,137,1.36,0.94,1769460
Nairobi,Respiratory Infections,2022,14600,201,1.31,0.94,932315
Nairobi,Respiratory Infections,2023,5631,42,0.94,0.7,764712
Nairobi,Respiratory Infections,2024,11827,78,0.94,0.75,2237095
Nairobi,Respiratory Infections,2025,14576,257,1.41,0.86,2256187
Nairobi,Diarrheal Diseases,2018,734,5,1.0,0.78,2196548
Nairobi,Diarrheal Diseases,2019,3511,63,1.83,0.73,2021101
Nairobi,Diarrheal Diseases,2020,3734,58,1.34,0.82,1667752
Nairobi,Diarrheal Diseases,2021,747,3,0.54,0.71,1272838
Nairobi,Diarrheal Diseases,2022,1220,14,1.54,0.85,1746862
Nairobi,Diarrheal Diseases,2023,3792,76,1.91,0.87,915515
Nairobi,Diarrheal Diseases,2024,3870,27,0.94,0.81,1267595
Nairobi,Diarrheal Diseases,2025,4826,78,1.82,0.73,1963768
Nairobi,TB,2018,4420,332,6.9,0.7,627948
Nairobi,TB,2019,1473,120,8.58,0.76,1515602
Nairobi,TB,2020,1451,106,7.26,0.88,1996176
Nairobi,TB,2021,3048,304,11.74,0.82,916880
Nairobi,TB,2022,2186,122,5.26,0.83,1398613
Nairobi,TB,2023,1419,135,11.36,0.74,1337291
Nairobi,TB,2024,4618,341,6.69,0.89,1929626
Nairobi,TB,2025,6597,539,7.57,0.86,1058986
Nairobi,HIV/AIDS,2018,3413,330,10.85,0.75,1564284
Nairobi,HIV/AIDS,2019,2448,169,9.74,0.83,2310578
Nairobi,HIV/AIDS,2020,4171,289,6.22,0.8,1387121
Nairobi,HIV/AIDS,2021,3186,180,7.39,0.93,2158845
Nairobi,HIV/AIDS,2022,3913,448,9.62,0.84,2019163
Nairobi,HIV/AIDS,2023,3513,427,11.76,0.92,1490198
Nairobi,HIV/AIDS,2024,2749,328,9.9,0.91,1407317
Nairobi,HIV/AIDS,2025,5158,712,10.96,0.9,684423
Nairobi,Hypertension,2018,4565,61,1.06,0.94,1486001
Nairobi,Hypertension,2019,5051,76,1.17,0.74,538467
Nairobi,Hypertension,2020,4922,86,1.62,0.91,2159280
Nairobi,Hypertension,2021,3995,54,1.26,0.76,616381
Nairobi,Hypertension,2022,4384,78,1.86,0.79,860032
Nairobi,Hypertension,2023,1922,16,0.85,0.84,2444624
Nairobi,Hypertension,2024,729,7,1.2,0.92,1187995
Nairobi,Hypertension,2025,2210,32,1.14,0.94,1148307
Nairobi,Diabetes,2018,636,4,0.79,0.82,1050929
Nairobi,Diabetes,2019,2284,50,1.77,0.72,2315153
Nairobi,Diabetes,2020,5722,41,0.71,0.92,697392
Nairobi,Diabetes,2021,4321,61,1.55,0.77,1698838
Nairobi,Diabetes,2022,1305,29,1.8,0.83,720984
Nairobi,Diabetes,2023,5961,98,1.47,0.9,2032875
Nairobi,Diabetes,2024,1868,12,0.64,0.71,1642424
Nairobi,Diabetes,2025,5253,51,0.93,0.71,1525715
Nairobi,Pneumonia,2018,4110,28,0.69,0.89,503051
Nairobi,Pneumonia,2019,510,7,1.76,0.8,1760386
Nairobi,Pneumonia,2020,6124,69,1.57,0.8,2283570
Nairobi,Pneumonia,2021,4994,35,0.88,0.72,894366
Nairobi,Pneumonia,2022,2623,15,0.76,0.76,2211741
Nairobi,Pneumonia,2023,1063,21,1.9,0.83,2102239
Nairobi,Pneumonia,2024,2264,26,1.6,0.84,2404050
Nairobi,Pneumonia,2025,3676,17,0.64,0.78,578781
Kiambu,Malaria,2018,1749,21,1.05,0.9,984963
Kiambu,Malaria,2019,2347,50,2.95,0.94,2432387
Kiambu,Malaria,2020,1726,22,1.05,0.83,1852695
Kiambu,Malaria,2021,2747,99,2.85,0.94,549115
Kiambu,Malaria,2022,2238,84,3.4,0.84,853824
Kiambu,Malaria,2023,3817,142,3.46,0.91,1004999
Kiambu,Malaria,2024,2984,45,1.82,0.79,2170396
Kiambu,Malaria,2025,1898,41,2.01,0.8,2481385
Kiambu,Respiratory Infections,2018,3393,30,0.89,0.87,1324945
Kiambu,Respiratory Infections,2019,4254,22,0.56,0.94,1016771
Kiambu,Respiratory Infections,2020,5615,79,1.35,0.88,1566531
Kiambu,Respiratory Infections,2021,2920,48,1.37,0.84,1855531
Kiambu,Respiratory Infections,2022,6531,88,1.61,0.79,1134736
Kiambu,Respiratory Infections,2023,4718,44,1.08,0.72,1628035
Kiambu,Respiratory Infections,2024,3344,54,1.77,0.94,551934
Kiambu,Respiratory Infections,2025,6554,60,1.24,0.72,2175659
Kiambu,Diarrheal Diseases,2018,3042,68,1.92,0.73,1638356
Kiambu,Diarrheal Diseases,2019,4297,28,0.58,0.84,1638506
Kiambu,Diarrheal Diseases,2020,1613,7,0.65,0.88,539081
Kiambu,Diarrheal Diseases,2021,4404,31,0.72,0.76,1576871
Kiambu,Diarrheal Diseases,2022,2005,43,1.72,0.95,2426275
Kiambu,Diarrheal Diseases,2023,2543,18,0.63,0.84,2191738
Kiambu,Diarrheal Diseases,2024,1663,11,0.67,0.7,2213371
Kiambu,Diarrheal Diseases,2025,4189,21,0.68,0.86,2387232
Kiambu,TB,2018,2233,171,7.8,0.72,713920
Kiambu,TB,2019,730,89,11.85,0.78,2355567
Kiambu,TB,2020,4257,414,11.43,0.87,1527512
Kiambu,TB,2021,1697,155,7.06,0.87,2272802
Kiambu,TB,2022,3927,571,11.41,0.71,888043
Kiambu,TB,2023,1253,84,6.19,0.8,2178651
Kiambu,TB,2024,1018,155,11.82,0.87,2440624
Kiambu,TB,2025,3908,299,6.14,0.91,898929
Kiambu,HIV/AIDS,2018,779,66,11.43,0.92,1867290
Kiambu,HIV/AIDS,2019,1483,204,10.67,0.74,2135156
Kiambu,HIV/AIDS,2020,4726,531,10.8,0.72,1362312
Kiambu,HIV/AIDS,2021,1001,65,5.39,0.9,1384574
Kiambu,HIV/AIDS,2022,2910,300,8.89,0.94,663273
Kiambu,HIV/AIDS,2023,4836,306,8.15,0.94,1434604
Kiambu,HIV/AIDS,2024,2244,110,6.88,0.82,1086165
Kiambu,HIV/AIDS,2025,3652,310,7.15,0.94,625917
Kiambu,Hypertension,2018,2432,28,1.22,0.9,1364141
Kiambu,Hypertension,2019,2390,11,0.7,0.79,817537
Kiambu,Hypertension,2020,1920,32,1.86,0.83,2432247
Kiambu,Hypertension,2021,1941,33,1.43,0.94,933027
Kiambu,Hypertension,2022,835,8,1.24,0.81,723777
Kiambu,Hypertension,2023,4877,60,1.37,0.83,1179574
Kiambu,Hypertension,2024,5023,43,0.77,0.8,1763455
Kiambu,Hypertension,2025,4584,95,1.96,0.76,557108
Kiambu,Diabetes,2018,3575,48,1.32,0.79,1248589
Kiambu,Diabetes,2019,2712,24,1.0,0.72,1309006
Kiambu,Diabetes,2020,2437,55,1.81,0.72,595257
Kiambu,Diabetes,2021,3061,19,0.78,0.79,1135605
Kiambu,Diabetes,2022,1202,12,1.05,0.89,766765
Kiambu,Diabetes,2023,2807,32,1.62,0.92,1113157
Kiambu,Diabetes,2024,2546,21,0.9,0.71,1796312
Kiambu,Diabetes,2025,1922,14,0.99,0.92,1920499
Kiambu,Pneumonia,2018,1981,28,1.47,0.85,526069
Kiambu,Pneumonia,2019,4515,27,0.69,0.79,2258489
Kiambu,Pneumonia,2020,2151,24,1.25,0.93,1402580
Kiambu,Pneumonia,2021,3113,32,1.05,0.91,2334813
Kiambu,Pneumonia,2022,2820,38,1.85,0.83,1533255
Kiambu,Pneumonia,2023,6618,41,0.67,0.94,1671459
Kiambu,Pneumonia,2024,1607,22,1.24,0.91,1339873
Kiambu,Pneumonia,2025,1651,24,1.21,0.75,1447609
Nakuru,Malaria,2018,4490,81,1.6,0.46,1354016
Nakuru,Malaria,2019,7306,158,2.74,0.44,2058506
Nakuru,Malaria,2020,6774,164,2.36,0.46,801953
Nakuru,Malaria,2021,5922,58,1.26,0.3,2320618
Nakuru,Malaria,2022,6597,134,2.24,0.58,727645
Nakuru,Malaria,2023,9584,149,1.37,0.58,846699
Nakuru,Malaria,2024,6312,145,3.16,0.53,1806378
Nakuru,Malaria,2025,5154,209,3.4,0.36,1961074
Nakuru,Respiratory Infections,2018,5741,95,1.86,0.48,2067121
Nakuru,Respiratory Infections,2019,4387,85,1.57,0.49,1489024
Nakuru,Respiratory Infections,2020,3149,39,1.37,0.42,1011937
Nakuru,Respiratory Infections,2021,3601,31,0.84,0.43,1772386
Nakuru,Respiratory Infections,2022,5428,66,1.54,0.56,1816128
Nakuru,Respiratory Infections,2023,5088,89,1.36,0.53,2379036
Nakuru,Respiratory Infections,2024,6615,38,0.71,0.51,1913636
Nakuru,Respiratory Infections,2025,4877,32,0.65,0.41,2463884
Nakuru,Diarrheal Diseases,2018,3787,44,1.23,0.53,647550
Nakuru,Diarrheal Diseases,2019,3522,39,1.31,0.4,2412842
Nakuru,Diarrheal Diseases,2020,4716,60,1.38,0.44,576077
Nakuru,Diarrheal Diseases,2021,809,11,1.38,0.48,688014
Nakuru,Diarrheal Diseases,2022,2752,54,1.9,0.51,1084567
Nakuru,Diarrheal Diseases,2023,5449,41,0.73,0.48,1799445
Nakuru,Diarrheal Diseases,2024,6000,143,1.9,0.44,2411597
Nakuru,Diarrheal Diseases,2025,4167,39,0.78,0.4,2257109
Nakuru,TB,2018,3053,256,10.21,0.54,1384377
Nakuru,TB,2019,1068,147,11.04,0.44,2081530
Nakuru,TB,2020,1134,74,9.11,0.57,1271253
Nakuru,TB,2021,5032,498,7.93,0.41,594270
Nakuru,TB,2022,2897,225,9.64,0.59,1467344
Nakuru,TB,2023,5268,382,5.6,0.45,1230880
Nakuru,TB,2024,2204,186,10.25,0.57,764223
Nakuru,TB,2025,3410,176,5.26,0.47,1698097
Nakuru,HIV/AIDS,2018,1407,116,8.17,0.43,2099601
Nakuru,HIV/AIDS,2019,3999,196,6.09,0.56,1851526
Nakuru,HIV/AIDS,2020,2433,249,8.69,0.59,2361407
Nakuru,HIV/AIDS,2021,4593,198,5.19,0.37,576218
Nakuru,HIV/AIDS,2022,779,66,10.6,0.5,2174222
Nakuru,HIV/AIDS,2023,3633,396,9.22,0.59,816915
Nakuru,HIV/AIDS,2024,671,47,7.84,0.33,2339433
Nakuru,HIV/AIDS,2025,1687,142,10.94,0.56,1992252
Nakuru,Hypertension,2018,5411,84,1.73,0.38,1779361
Nakuru,Hypertension,2019,3448,46,1.44,0.47,892417
Nakuru,Hypertension,2020,4777,41,0.71,0.45,590093
Nakuru,Hypertension,2021,4493,55,1.23,0.52,995553
Nakuru,Hypertension,2022,792,7,0.83,0.43,2390969
Nakuru,Hypertension,2023,1255,21,1.54,0.55,2066847
Nakuru,Hypertension,2024,5878,54,1.25,0.42,2194693
Nakuru,Hypertension,2025,2163,13,0.71,0.38,1577978
Nakuru,Diabetes,2018,4288,61,1.45,0.47,1429168
Nakuru,Diabetes,2019,3436,54,1.66,0.41,1062997
Nakuru,Diabetes,2020,1746,12,0.64,0.32,1208362
Nakuru,Diabetes,2021,2627,36,1.58,0.47,2494849
Nakuru,Diabetes,2022,5548,120,1.91,0.36,2309955
Nakuru,Diabetes,2023,1300,13,1.39,0.45,1200780
Nakuru,Diabetes,2024,1214,13,1.21,0.41,1341344
Nakuru,Diabetes,2025,2277,31,1.4,0.32,1052433
Nakuru,Pneumonia,2018,1403,19,1.95,0.33,1116036
Nakuru,Pneumonia,2019,4181,95,1.94,0.51,1808144
Nakuru,Pneumonia,2020,4965,102,1.81,0.54,894966
Nakuru,Pneumonia,2021,3358,82,1.97,0.49,1806170
Nakuru,Pneumonia,2022,4129,45,1.5,0.48,1917616
Nakuru,Pneumonia,2023,5278,56,1.21,0.34,786214
Nakuru,Pneumonia,2024,4897,31,0.67,0.54,2371070
Nakuru,Pneumonia,2025,4018,47,0.98,0.31,837054
Kisumu,Malaria,2018,10010,101,1.36,0.51,634055
Kisumu,Malaria,2019,12163,390,2.72,0.46,646389
Kisumu,Malaria,2020,10354,253,2.56,0.56,610017
Kisumu,Malaria,2021,8920,248,3.97,0.36,1250865
Kisumu,Malaria,2022,17211,625,3.99,0.53,824060
Kisumu,Malaria,2023,14160,499,2.88,0.6,1389097
Kisumu,Malaria,2024,9836,287,2.57,0.3,609996
Kisumu,Malaria,2025,10189,409,3.56,0.48,2261711
Kisumu,Respiratory Infections,2018,3147,13,0.57,0.42,2278627
Kisumu,Respiratory Infections,2019,6347,92,1.7,0.48,2204742
Kisumu,Respiratory Infections,2020,4234,73,1.4,0.6,1310694
Kisumu,Respiratory Infections,2021,4151,55,1.1,0.37,826898
Kisumu,Respiratory Infections,2022,5285,28,0.57,0.31,1526553
Kisumu,Respiratory Infections,2023,5598,102,1.7,0.36,1333032
Kisumu,Respiratory Infections,2024,6337,69,1.29,0.45,2491505
Kisumu,Respiratory Infections,2025,5958,107,1.85,0.49,1844380
Kisumu,Diarrheal Diseases,2018,2059,46,1.84,0.44,742615
Kisumu,Diarrheal Diseases,2019,2791,65,1.83,0.56,2364200
Kisumu,Diarrheal Diseases,2020,5761,80,1.6,0.38,1356101
Kisumu,Diarrheal Diseases,2021,3994,66,1.3,0.33,2376763
Kisumu,Diarrheal Diseases,2022,6079,44,0.59,0.45,1632658
Kisumu,Diarrheal Diseases,2023,3838,58,1.49,0.56,599616
Kisumu,Diarrheal Diseases,2024,2124,32,1.8,0.35,1547343
Kisumu,Diarrheal Diseases,2025,2489,26,0.86,0.33,1617850
Kisumu,TB,2018,2599,370,11.17,0.44,1209662
Kisumu,TB,2019,3096,251,10.2,0.55,942061
Kisumu,TB,2020,1156,50,5.04,0.49,1484176
Kisumu,TB,2021,2365,127,7.64,0.55,632079
Kisumu,TB,2022,3728,418,8.79,0.4,1778523
Kisumu,TB,2023,3887,280,5.72,0.51,2450961
Kisumu,TB,2024,2014,197,9.96,0.32,1925402
Kisumu,TB,2025,4128,388,9.73,0.49,1176787
Kisumu,HIV/AIDS,2018,2791,181,5.46,0.41,2330815
Kisumu,HIV/AIDS,2019,3242,129,5.01,0.44,2458403
Kisumu,HIV/AIDS,2020,576,54,10.78,0.55,2054094
Kisumu,HIV/AIDS,2021,4230,371,6.91,0.35,1384315
Kisumu,HIV/AIDS,2022,1962,168,7.94,0.42,1743064
Kisumu,HIV/AIDS,2023,5593,468,10.22,0.56,844855
Kisumu,HIV/AIDS,2024,3121,332,8.31,0.36,2471856
Kisumu,HIV/AIDS,2025,5612,704,10.4,0.53,1546914
Kisumu,Hypertension,2018,4214,28,0.55,0.48,1146701
Kisumu,Hypertension,2019,1048,5,0.68,0.51,1058819
Kisumu,Hypertension,2020,951,8,1.24,0.47,2384276
Kisumu,Hypertension,2021,3577,33,0.97,0.3,1278513
Kisumu,Hypertension,2022,2693,34,1.22,0.39,1177164
Kisumu,Hypertension,2023,1615,19,1.67,0.44,2381175
Kisumu,Hypertension,2024,2196,34,1.98,0.45,2169211
Kisumu,Hypertension,2025,3989,18,0.51,0.46,2493504
Kisumu,Diabetes,2018,3785,60,1.74,0.4,2284997
Kisumu,Diabetes,2019,652,9,1.7,0.35,824912
Kisumu,Diabetes,2020,2677,30,1.56,0.58,1416838
Kisumu,Diabetes,2021,3069,58,1.56,0.51,2469469
Kisumu,Diabetes,2022,1684,21,1.72,0.57,1483939
Kisumu,Diabetes,2023,5133,65,1.18,0.46,1119369
Kisumu,Diabetes,2024,4528,22,0.59,0.35,1365580
Kisumu,Diabetes,2025,1896,33,1.96,0.35,1134486
Kisumu,Pneumonia,2018,3037,39,1.25,0.52,2335669
Kisumu,Pneumonia,2019,993,12,1.48,0.5,2308476
Kisumu,Pneumonia,2020,1026,9,0.76,0.42,731447
Kisumu,Pneumonia,2021,1034,19,1.6,0.45,1924945
Kisumu,Pneumonia,2022,2491,24,1.38,0.42,1495043
Kisumu,Pneumonia,2023,3734,68,1.69,0.6,1200601
Kisumu,Pneumonia,2024,1969,20,1.08,0.55,2392064
Kisumu,Pneumonia,2025,4586,53,1.11,0.49,1745709
Mombasa,Malaria,2018,2618,92,3.56,0.76,1120347
Mombasa,Malaria,2019,7531,175,2.54,0.85,2380901
Mombasa,Malaria,2020,6301,210,3.91,0.86,644832
Mombasa,Malaria,2021,7019,266,3.91,0.76,1593314
Mombasa,Malaria,2022,3527,81,2.56,0.91,1459744
Mombasa,Malaria,2023,5343,57,1.5,0.88,1489156
Mombasa,Malaria,2024,6843,206,3.12,0.92,649381
Mombasa,Malaria,2025,4448,63,1.1,0.73,1246788
Mombasa,Respiratory Infections,2018,4959,60,1.46,0.75,1258842
Mombasa,Respiratory Infections,2019,10381,159,1.38,0.8,2238993
Mombasa,Respiratory Infections,2020,7105,33,0.53,0.94,646470
Mombasa,Respiratory Infections,2021,10164,118,1.28,0.83,1587638
Mombasa,Respiratory Infections,2022,11013,99,0.72,0.88,1670439
Mombasa,Respiratory Infections,2023,7079,89,1.6,0.76,2459406
Mombasa,Respiratory Infections,2024,9773,187,1.49,0.79,2330301
Mombasa,Respiratory Infections,2025,12226,260,1.75,0.89,1860858
Mombasa,Diarrheal Diseases,2018,2642,52,1.88,0.94,1267629
Mombasa,Diarrheal Diseases,2019,3982,49,1.37,0.74,2483167
Mombasa,Diarrheal Diseases,2020,1355,18,1.11,0.9,1022828
Mombasa,Diarrheal Diseases,2021,4453,76,1.82,0.78,984965
Mombasa,Diarrheal Diseases,2022,5804,112,1.64,0.81,2438762
Mombasa,Diarrheal Diseases,2023,4107,38,1.32,0.78,1576299
Mombasa,Diarrheal Diseases,2024,5190,74,1.54,0.81,1528400
Mombasa,Diarrheal Diseases,2025,1418,8,0.84,0.85,1548173
Mombasa,TB,2018,3740,326,8.5,0.94,1264357
Mombasa,TB,2019,2042,140,7.39,0.8,904772
Mombasa,TB,2020,3783,405,9.26,0.9,2001681
Mombasa,TB,2021,3751,157,5.13,0.7,559182
Mombasa,TB,2022,4788,403,6.7,0.72,2020404
Mombasa,TB,2023,692,39,5.71,0.76,1380179
Mombasa,TB,2024,3311,359,10.62,0.78,2005949
Mombasa,TB,2025,2533,357,11.84,0.83,1254950
Mombasa,HIV/AIDS,2018,3210,313,8.68,0.73,2293961
Mombasa,HIV/AIDS,2019,877,101,11.74,0.9,2311840
Mombasa,HIV/AIDS,2020,2465,304,11.66,0.9,2292725
Mombasa,HIV/AIDS,2021,1693,117,6.48,0.8,575388
Mombasa,HIV/AIDS,2022,3885,294,8.9,0.78,605111
Mombasa,HIV/AIDS,2023,4663,341,9.67,0.86,961792
Mombasa,HIV/AIDS,2024,2395,168,6.18,0.92,2352022
Mombasa,HIV/AIDS,2025,1137,114,9.49,0.84,557993
Mombasa,Hypertension,2018,1403,19,1.39,0.95,1398850
Mombasa,Hypertension,2019,5394,57,1.11,0.88,729104
Mombasa,Hypertension,2020,3475,25,0.66,0.84,1508806
Mombasa,Hypertension,2021,4211,63,1.84,0.78,903322
Mombasa,Hypertension,2022,3484,48,1.16,0.87,961227
Mombasa,Hypertension,2023,4991,47,0.91,0.87,2048075
Mombasa,Hypertension,2024,3395,19,0.79,0.79,1149829
Mombasa,Hypertension,2025,2511,26,1.17,0.85,2168537
Mombasa,Diabetes,2018,4879,81,1.45,0.74,1780617
Mombasa,Diabetes,2019,2987,36,1.73,0.78,1699751
Mombasa,Diabetes,2020,3800,30,0.85,0.74,1771300
Mombasa,Diabetes,2021,5363,51,0.87,0.72,1407669
Mombasa,Diabetes,2022,2908,41,1.41,0.74,1018652
Mombasa,Diabetes,2023,4115,31,0.84,0.8,1059873
Mombasa,Diabetes,2024,3260,34,1.1,0.85,733782
Mombasa,Diabetes,2025,1075,17,1.25,0.91,561929
Mombasa,Pneumonia,2018,5400,43,0.67,0.8,691703
Mombasa,Pneumonia,2019,5403,108,1.71,0.78,2015592
Mombasa,Pneumonia,2020,5088,43,0.76,0.79,604211
Mombasa,Pneumonia,2021,5981,50,0.7,0.93,1554477
Mombasa,Pneumonia,2022,2120,32,1.74,0.94,523429
Mombasa,Pneumonia,2023,1898,12,0.68,0.83,1056110
Mombasa,Pneumonia,2024,5422,52,0.97,0.81,1341531
Mombasa,Pneumonia,2025,3826,33,0.82,0.86,1227506
Kakamega,Malaria,2018,4873,74,1.17,0.51,1406295
Kakamega,Malaria,2019,3460,38,1.51,0.7,1576717
Kakamega,Malaria,2020,3584,118,3.07,0.66,2127687
Kakamega,Malaria,2021,5869,120,1.92,0.63,1797638
Kakamega,Malaria,2022,5829,111,2.35,0.59,788859
Kakamega,Malaria,2023,7841,291,3.2,0.5,1094305
Kakamega,Malaria,2024,6971,212,2.75,0.55,1770660
Kakamega,Malaria,2025,5925,131,1.72,0.7,946636
Kakamega,Respiratory Infections,2018,2658,18,0.66,0.61,1010259
Kakamega,Respiratory Infections,2019,3276,31,1.23,0.58,725019
Kakamega,Respiratory Infections,2020,2722,27,1.06,0.61,1997108
Kakamega,Respiratory Infections,2021,5801,131,1.93,0.58,1128864
Kakamega,Respiratory Infections,2022,5679,60,0.88,0.51,2195675
Kakamega,Respiratory Infections,2023,4845,77,1.46,0.72,2386407
Kakamega,Respiratory Infections,2024,6159,37,0.6,0.54,1054399
Kakamega,Respiratory Infections,2025,6063,66,1.52,0.52,563530
Kakamega,Diarrheal Diseases,2018,3278,14,0.61,0.74,1374772
Kakamega,Diarrheal Diseases,2019,4679,40,0.94,0.69,1521318
Kakamega,Diarrheal Diseases,2020,2822,16,0.76,0.67,1412735
Kakamega,Diarrheal Diseases,2021,3028,12,0.53,0.74,648702
Kakamega,Diarrheal Diseases,2022,5234,69,1.44,0.55,1757008
Kakamega,Diarrheal Diseases,2023,2799,50,1.66,0.63,2421213
Kakamega,Diarrheal Diseases,2024,952,6,0.69,0.53,1254444
Kakamega,Diarrheal Diseases,2025,3132,42,1.28,0.54,1696553
Kakamega,TB,2018,3302,200,6.57,0.61,2390427
Kakamega,TB,2019,5089,262,6.68,0.55,1385421
Kakamega,TB,2020,2984,248,7.0,0.72,1886992
Kakamega,TB,2021,1947,153,9.45,0.74,1122893
Kakamega,TB,2022,1119,53,5.38,0.69,1738360
Kakamega,TB,2023,3599,277,10.1,0.67,817875
Kakamega,TB,2024,1094,72,8.42,0.59,1919541
Kakamega,TB,2025,5678,618,10.2,0.53,1368374
Kakamega,HIV/AIDS,2018,2479,274,9.04,0.61,1374631
Kakamega,HIV/AIDS,2019,907,110,10.68,0.72,800931
Kakamega,HIV/AIDS,2020,2795,185,6.43,0.68,1628678
Kakamega,HIV/AIDS,2021,1666,130,7.63,0.63,2181641
Kakamega,HIV/AIDS,2022,4006,306,10.83,0.69,2113236
Kakamega,HIV/AIDS,2023,3973,425,10.89,0.63,1369049
Kakamega,HIV/AIDS,2024,3016,334,9.5,0.55,1047993
Kakamega,HIV/AIDS,2025,3000,121,5.01,0.51,2137293
Kakamega,Hypertension,2018,5345,35,0.64,0.62,1512237
Kakamega,Hypertension,2019,3476,49,1.37,0.64,2477085
Kakamega,Hypertension,2020,3498,51,1.71,0.71,1396816
Kakamega,Hypertension,2021,3522,18,0.59,0.7,1193221
Kakamega,Hypertension,2022,4396,52,1.28,0.53,1161616
Kakamega,Hypertension,2023,1754,13,1.06,0.7,1791210
Kakamega,Hypertension,2024,1648,13,0.76,0.62,628046
Kakamega,Hypertension,2025,3262,74,1.99,0.68,1004409
Kakamega,Diabetes,2018,3499,60,1.35,0.54,743306
Kakamega,Diabetes,2019,4470,68,1.38,0.73,2026322
Kakamega,Diabetes,2020,4297,60,1.14,0.71,784580
Kakamega,Diabetes,2021,3058,35,1.19,0.53,650787
Kakamega,Diabetes,2022,3796,70,1.59,0.54,2054235
Kakamega,Diabetes,2023,5277,97,1.88,0.5,632503
Kakamega,Diabetes,2024,1326,6,0.55,0.57,573997
Kakamega,Diabetes,2025,1628,16,1.06,0.71,811877
Kakamega,Pneumonia,2018,1333,5,0.55,0.73,866008
Kakamega,Pneumonia,2019,1181,14,1.02,0.51,1425431
Kakamega,Pneumonia,2020,1507,25,1.82,0.71,995479
Kakamega,Pneumonia,2021,6187,59,0.88,0.55,2170103
Kakamega,Pneumonia,2022,3148,65,1.96,0.59,1901256
Kakamega,Pneumonia,2023,1443,26,1.78,0.63,597852
Kakamega,Pneumonia,2024,1447,16,1.58,0.68,848688
Kakamega,Pneumonia,2025,2149,25,1.19,0.54,2156321
Machakos,Malaria,2018,5149,180,3.59,0.69,758635
Machakos,Malaria,2019,3838,46,1.34,0.74,690706
Machakos,Malaria,2020,5139,126,2.02,0.64,1033571
Machakos,Malaria,2021,8764,173,1.61,0.72,2481019
Machakos,Malaria,2022,3792,115,2.35,0.69,1839838
Machakos,Malaria,2023,4857,144,2.39,0.63,1590547
Machakos,Malaria,2024,5241,185,2.97,0.6,1450162
Machakos,Malaria,2025,7865,92,1.56,0.59,1177160
Machakos,Respiratory Infections,2018,3834,40,0.97,0.55,1848711
Machakos,Respiratory Infections,2019,2874,52,1.54,0.58,1555106
Machakos,Respiratory Infections,2020,6067,71,0.92,0.54,2026912
Machakos,Respiratory Infections,2021,2870,57,1.84,0.54,2140707
Machakos,Respiratory Infections,2022,5901,45,0.63,0.7,1891405
Machakos,Respiratory Infections,2023,8131,118,1.13,0.67,2191916
Machakos,Respiratory Infections,2024,5349,93,1.82,0.54,2220090
Machakos,Respiratory Infections,2025,7319,106,1.29,0.72,1810077
Machakos,Diarrheal Diseases,2018,3899,37,0.78,0.7,1644241
Machakos,Diarrheal Diseases,2019,1278,12,0.97,0.71,1706123
Machakos,Diarrheal Diseases,2020,3003,44,1.24,0.58,2311417
Machakos,Diarrheal Diseases,2021,5414,71,1.74,0.56,2090963
Machakos,Diarrheal Diseases,2022,3253,43,1.18,0.66,1887695
Machakos,Diarrheal Diseases,2023,1509,26,1.76,0.74,2016450
Machakos,Diarrheal Diseases,2024,4901,66,1.51,0.67,1810875
Machakos,Diarrheal Diseases,2025,1652,24,1.78,0.71,2294687
Machakos,TB,2018,2563,235,11.06,0.59,1127220
Machakos,TB,2019,1742,210,9.57,0.72,2388806
Machakos,TB,2020,1054,87,9.65,0.73,1883674
Machakos,TB,2021,2793,200,7.73,0.56,1635092
Machakos,TB,2022,1277,119,7.89,0.62,2312336
Machakos,TB,2023,868,57,5.19,0.53,1224984
Machakos,TB,2024,6563,792,10.78,0.71,2017740
Machakos,TB,2025,5660,483,7.13,0.57,1338574
Machakos,HIV/AIDS,2018,4430,191,5.84,0.57,1466920
Machakos,HIV/AIDS,2019,3032,253,6.99,0.52,1690888
Machakos,HIV/AIDS,2020,3350,222,5.34,0.71,1892488
Machakos,HIV/AIDS,2021,5874,561,9.38,0.71,1075919
Machakos,HIV/AIDS,2022,2386,192,6.87,0.64,1074100
Machakos,HIV/AIDS,2023,1914,124,6.54,0.68,1949160
Machakos,HIV/AIDS,2024,3852,315,11.08,0.74,1529127
Machakos,HIV/AIDS,2025,990,68,7.22,0.69,2050184
Machakos,Hypertension,2018,2228,21,0.76,0.61,1479448
Machakos,Hypertension,2019,4611,54,1.51,0.56,1055083
Machakos,Hypertension,2020,1212,24,1.93,0.69,2246688
Machakos,Hypertension,2021,1689,21,1.84,0.51,791077
Machakos,Hypertension,2022,1600,13,0.86,0.61,1853324
Machakos,Hypertension,2023,3980,46,1.2,0.62,702416
Machakos,Hypertension,2024,2460,14,0.83,0.53,2431046
Machakos,Hypertension,2025,991,7,0.83,0.51,682024
Machakos,Diabetes,2018,1372,26,1.82,0.51,1046495
Machakos,Diabetes,2019,2487,14,0.7,0.6,2396043
Machakos,Diabetes,2020,529,11,1.86,0.65,1748495
Machakos,Diabetes,2021,4589,100,1.93,0.72,1147341
Machakos,Diabetes,2022,4289,26,0.59,0.67,1487073
Machakos,Diabetes,2023,1918,21,1.49,0.65,1647815
Machakos,Diabetes,2024,4888,55,0.98,0.6,929852
Machakos,Diabetes,2025,6020,116,1.83,0.63,1356626
Machakos,Pneumonia,2018,3121,18,0.73,0.66,1610644
Machakos,Pneumonia,2019,4258,96,1.74,0.71,749768
Machakos,Pneumonia,2020,4931,43,1.17,0.6,2409972
Machakos,Pneumonia,2021,4487,64,1.2,0.52,1296948
Machakos,Pneumonia,2022,1774,23,1.51,0.58,2264985
Machakos,Pneumonia,2023,3849,40,1.08,0.64,816456
Machakos,Pneumonia,2024,3600,46,1.83,0.59,828821
Machakos,Pneumonia,2025,2472,32,1.29,0.54,1499430
Uasin Gishu,Malaria,2018,5125,213,3.29,0.4,1142249
Uasin Gishu,Malaria,2019,4251,63,2.02,0.42,1283152
Uasin Gishu,Malaria,2020,6728,174,2.82,0.37,1543659
Uasin Gishu,Malaria,2021,7277,140,1.5,0.37,2223735
Uasin Gishu,Malaria,2022,3904,41,1.41,0.36,1979018
Uasin Gishu,Malaria,2023,4690,71,1.94,0.45,1208521
Uasin Gishu,Malaria,2024,5162,177,3.87,0.57,2234339
Uasin Gishu,Malaria,2025,5178,178,3.95,0.59,1881875
Uasin Gishu,Respiratory Infections,2018,3755,38,1.01,0.35,502352
Uasin Gishu,Respiratory Infections,2019,4117,81,1.64,0.43,874313
Uasin Gishu,Respiratory Infections,2020,3235,18,0.79,0.4,1479947
Uasin Gishu,Respiratory Infections,2021,4599,55,1.34,0.47,656951
Uasin Gishu,Respiratory Infections,2022,6249,89,1.44,0.42,1342000
Uasin Gishu,Respiratory Infections,2023,6849,102,1.44,0.49,1102276
Uasin Gishu,Respiratory Infections,2024,3389,18,0.56,0.46,1404850
Uasin Gishu,Respiratory Infections,2025,5804,122,1.86,0.46,1961387
Uasin Gishu,Diarrheal Diseases,2018,2380,31,1.69,0.54,2118963
Uasin Gishu,Diarrheal Diseases,2019,2915,44,1.92,0.44,630351
Uasin Gishu,Diarrheal Diseases,2020,3334,63,1.8,0.41,1097093
Uasin Gishu,Diarrheal Diseases,2021,2026,31,1.64,0.45,1092632
Uasin Gishu,Diarrheal Diseases,2022,5281,94,1.84,0.43,784334
Uasin Gishu,Diarrheal Diseases,2023,5116,81,1.93,0.33,2417043
Uasin Gishu,Diarrheal Diseases,2024,3875,52,1.84,0.57,830170
Uasin Gishu,Diarrheal Diseases,2025,1833,24,1.89,0.44,1453692
Uasin Gishu,TB,2018,4745,247,5.94,0.41,1522145
Uasin Gishu,TB,2019,3991,329,6.47,0.3,1626418
Uasin Gishu,TB,2020,3569,140,5.63,0.31,1188152
Uasin Gishu,TB,2021,2475,171,6.0,0.53,1949087
Uasin Gishu,TB,2022,867,101,10.92,0.33,1887784
Uasin Gishu,TB,2023,850,62,7.14,0.49,2134252
Uasin Gishu,TB,2024,5419,207,5.04,0.56,963937
Uasin Gishu,TB,2025,4019,265,6.7,0.34,1140473
Uasin Gishu,HIV/AIDS,2018,2350,244,11.04,0.39,1863837
Uasin Gishu,HIV/AIDS,2019,1291,141,9.08,0.46,653245
Uasin Gishu,HIV/AIDS,2020,807,49,6.5,0.53,1972542
Uasin Gishu,HIV/AIDS,2021,3419,367,11.07,0.55,2467669
Uasin Gishu,HIV/AIDS,2022,2465,209,8.68,0.37,2474324
Uasin Gishu,HIV/AIDS,2023,2766,248,10.43,0.45,905453
Uasin Gishu,HIV/AIDS,2024,6357,413,6.9,0.33,820752
Uasin Gishu,HIV/AIDS,2025,2361,184,6.93,0.32,1234983
Uasin Gishu,Hypertension,2018,2639,37,1.61,0.33,2091872
Uasin Gishu,Hypertension,2019,5542,63,0.97,0.57,1460652
Uasin Gishu,Hypertension,2020,1981,26,1.07,0.33,532441
Uasin Gishu,Hypertension,2021,1054,12,1.08,0.51,2462889
Uasin Gishu,Hypertension,2022,4663,68,1.81,0.38,1385258
Uasin Gishu,Hypertension,2023,5001,36,0.95,0.53,956331
Uasin Gishu,Hypertension,2024,1755,23,1.04,0.45,980808
Uasin Gishu,Hypertension,2025,2233,16,0.81,0.41,967835
Uasin Gishu,Diabetes,2018,3997,50,1.33,0.52,791464
Uasin Gishu,Diabetes,2019,5821,101,1.6,0.54,1001590
Uasin Gishu,Diabetes,2020,1464,20,1.09,0.34,1703202
Uasin Gishu,Diabetes,2021,1502,19,1.57,0.57,1789467
Uasin Gishu,Diabetes,2022,778,3,0.59,0.45,562507
Uasin Gishu,Diabetes,2023,3214,34,0.86,0.55,2211952
Uasin Gishu,Diabetes,2024,5688,66,1.24,0.46,2239957
Uasin Gishu,Diabetes,2025,6637,35,0.56,0.53,1913238
Uasin Gishu,Pneumonia,2018,3380,21,0.83,0.56,1187605
Uasin Gishu,Pneumonia,2019,3647,36,1.07,0.35,2428582
Uasin Gishu,Pneumonia,2020,4511,52,1.01,0.37,1609816
Uasin Gishu,Pneumonia,2021,4717,70,1.35,0.46,1998339
Uasin Gishu,Pneumonia,2022,4444,96,1.85,0.53,773452
Uasin Gishu,Pneumonia,2023,3747,78,1.85,0.58,1635841
Uasin Gishu,Pneumonia,2024,4896,43,1.21,0.59,1966760
Uasin Gishu,Pneumonia,2025,1523,31,1.99,0.59,2259771
Meru,Malaria,2018,3100,42,1.68,0.54,1974585
Meru,Malaria,2019,4007,108,2.91,0.67,1098506
Meru,Malaria,2020,5088,116,2.01,0.63,852414
Meru,Malaria,2021,6996,71,1.44,0.66,2251498
Meru,Malaria,2022,5062,199,3.87,0.56,995164
Meru,Malaria,2023,6630,290,3.79,0.64,1067597
Meru,Malaria,2024,5723,187,2.68,0.62,1417996
Meru,Malaria,2025,8162,149,1.41,0.63,1602686
Meru,Respiratory Infections,2018,3925,28,0.66,0.62,2321367
Meru,Respiratory Infections,2019,4690,50,1.28,0.61,2398769
Meru,Respiratory Infections,2020,4696,27,0.82,0.5,1745803
Meru,Respiratory Infections,2021,3433,39,1.03,0.6,1617007
Meru,Respiratory Infections,2022,5977,78,1.09,0.69,2345219
Meru,Respiratory Infections,2023,2560,35,1.19,0.74,2198545
Meru,Respiratory Infections,2024,5224,88,1.4,0.7,639227
Meru,Respiratory Infections,2025,6895,85,1.71,0.7,1160327
Meru,Diarrheal Diseases,2018,2885,42,1.71,0.56,2306684
Meru,Diarrheal Diseases,2019,4878,28,0.68,0.6,918458
Meru,Diarrheal Diseases,2020,2320,35,1.64,0.6,2040724
Meru,Diarrheal Diseases,2021,2709,54,1.93,0.59,2388529
Meru,Diarrheal Diseases,2022,657,8,1.36,0.71,2136096
Meru,Diarrheal Diseases,2023,876,5,0.65,0.56,2027912
Meru,Diarrheal Diseases,2024,3367,26,0.72,0.56,1480547
Meru,Diarrheal Diseases,2025,4209,61,1.28,0.57,599003
Meru,TB,2018,2991,320,11.25,0.7,1623177
Meru,TB,2019,599,40,6.43,0.55,593330
Meru,TB,2020,5697,272,6.45,0.52,2023982
Meru,TB,2021,4990,465,7.87,0.71,1186268
Meru,TB,2022,4328,470,10.77,0.62,1555991
Meru,TB,2023,1048,83,7.74,0.63,925468
Meru,TB,2024,4214,360,7.54,0.55,2447238
Meru,TB,2025,4076,188,6.61,0.68,708859
Meru,HIV/AIDS,2018,3943,355,9.48,0.69,1599577
Meru,HIV/AIDS,2019,960,87,10.73,0.57,2031064
Meru,HIV/AIDS,2020,5023,327,7.84,0.69,1813428
Meru,HIV/AIDS,2021,2890,164,5.55,0.68,1913562
Meru,HIV/AIDS,2022,5612,474,11.67,0.57,1243859
Meru,HIV/AIDS,2023,638,66,8.92,0.68,1420114
Meru,HIV/AIDS,2024,6138,397,8.14,0.55,888518
Meru,HIV/AIDS,2025,3275,148,5.85,0.71,2071128
Meru,Hypertension,2018,3382,15,0.58,0.55,960115
Meru,Hypertension,2019,1627,12,0.68,0.67,1640844
Meru,Hypertension,2020,2950,28,0.97,0.63,629887
Meru,Hypertension,2021,2092,12,0.52,0.53,1290605
Meru,Hypertension,2022,3952,52,1.76,0.64,978108
Meru,Hypertension,2023,5504,73,1.3,0.61,1533668
Meru,Hypertension,2024,5279,47,0.77,0.64,797675
Meru,Hypertension,2025,4295,61,1.8,0.58,527798
Meru,Diabetes,2018,2339,41,1.51,0.56,2056407
Meru,Diabetes,2019,926,20,1.75,0.5,1323759
Meru,Diabetes,2020,524,4,1.09,0.6,2321573
Meru,Diabetes,2021,3887,75,1.82,0.56,2157888
Meru,Diabetes,2022,598,8,1.53,0.51,2157390
Meru,Diabetes,2023,1304,24,1.68,0.53,1505782
Meru,Diabetes,2024,5224,94,1.4,0.58,2022494
Meru,Diabetes,2025,4600,23,0.52,0.74,903777
Meru,Pneumonia,2018,1036,21,1.97,0.55,1152755
Meru,Pneumonia,2019,4465,29,0.61,0.63,2283586
Meru,Pneumonia,2020,788,11,1.32,0.54,1122006
Meru,Pneumonia,2021,3661,51,1.89,0.61,2268555
Meru,Pneumonia,2022,5874,74,1.47,0.5,1237090
Meru,Pneumonia,2023,2643,34,1.18,0.65,2070234
Meru,Pneumonia,2024,4985,20,0.5,0.53,2021624
Meru,Pneumonia,2025,4875,41,0.8,0.68,2322744
Kilifi,Malaria,2018,13605,149,1.05,0.38,753091
Kilifi,Malaria,2019,9848,260,2.2,0.36,917567
Kilifi,Malaria,2020,18182,167,1.31,0.43,1961666
Kilifi,Malaria,2021,11718,421,3.74,0.38,1879932
Kilifi,Malaria,2022,12720,137,1.03,0.48,1639752
Kilifi,Malaria,2023,12693,223,1.61,0.55,1418638
Kilifi,Malaria,2024,18688,185,1.09,0.3,505039
Kilifi,Malaria,2025,12874,348,2.38,0.48,586346
Kilifi,Respiratory Infections,2018,2956,68,1.93,0.54,1487410
Kilifi,Respiratory Infections,2019,3850,41,1.32,0.49,1383520
Kilifi,Respiratory Infections,2020,3498,33,1.28,0.41,2030952
Kilifi,Respiratory Infections,2021,5133,57,1.31,0.41,1902549
Kilifi,Respiratory Infections,2022,5490,89,1.68,0.49,1946250
Kilifi,Respiratory Infections,2023,5189,57,1.14,0.49,1554244
Kilifi,Respiratory Infections,2024,3271,49,1.74,0.43,2342360
Kilifi,Respiratory Infections,2025,3595,33,1.25,0.45,2015331
Kilifi,Diarrheal Diseases,2018,3447,38,1.57,0.42,1353605
Kilifi,Diarrheal Diseases,2019,1214,10,0.78,0.56,1190796
Kilifi,Diarrheal Diseases,2020,1548,9,0.51,0.43,1176585
Kilifi,Diarrheal Diseases,2021,4036,48,1.61,0.56,1267286
Kilifi,Diarrheal Diseases,2022,3890,70,1.68,0.41,561753
Kilifi,Diarrheal Diseases,2023,3443,41,0.98,0.32,1608076
Kilifi,Diarrheal Diseases,2024,3430,51,1.28,0.57,735595
Kilifi,Diarrheal Diseases,2025,4348,35,0.74,0.35,937805
Kilifi,TB,2018,1818,78,6.16,0.52,2087819
Kilifi,TB,2019,3396,270,8.79,0.42,1490121
Kilifi,TB,2020,948,54,7.48,0.37,1279976
Kilifi,TB,2021,4142,216,6.17,0.38,1464725
Kilifi,TB,2022,5520,641,9.0,0.42,2420288
Kilifi,TB,2023,4629,427,9.75,0.53,731324
Kilifi,TB,2024,1587,146,8.83,0.31,1745422
Kilifi,TB,2025,918,97,8.47,0.43,2454647
Kilifi,HIV/AIDS,2018,3946,452,10.35,0.53,1660294
Kilifi,HIV/AIDS,2019,1509,170,9.28,0.5,2236066
Kilifi,HIV/AIDS,2020,3956,486,10.0,0.52,542056
Kilifi,HIV/AIDS,2021,3815,385,8.26,0.36,2360971
Kilifi,HIV/AIDS,2022,3577,313,8.72,0.55,1667272
Kilifi,HIV/AIDS,2023,4520,412,7.71,0.57,1993551
Kilifi,HIV/AIDS,2024,676,70,11.14,0.46,1755715
Kilifi,HIV/AIDS,2025,3906,277,9.54,0.41,944972
Kilifi,Hypertension,2018,2572,35,1.91,0.43,1270050
Kilifi,Hypertension,2019,689,3,0.6,0.44,850067
Kilifi,Hypertension,2020,3818,42,1.56,0.37,771421
Kilifi,Hypertension,2021,1926,11,0.51,0.53,840686
Kilifi,Hypertension,2022,3042,48,1.38,0.53,1649734
Kilifi,Hypertension,2023,2320,18,0.71,0.49,782140
Kilifi,Hypertension,2024,3193,31,0.79,0.52,608944
Kilifi,Hypertension,2025,5302,80,1.4,0.57,1330948
Kilifi,Diabetes,2018,2198,20,0.96,0.51,954151
Kilifi,Diabetes,2019,1062,7,0.86,0.43,1031147
Kilifi,Diabetes,2020,1221,7,0.78,0.51,549522
Kilifi,Diabetes,2021,1450,26,1.94,0.46,707352
Kilifi,Diabetes,2022,5710,77,1.62,0.46,1505535
Kilifi,Diabetes,2023,5383,53,0.92,0.55,1152873
Kilifi,Diabetes,2024,4647,78,1.73,0.59,874743
Kilifi,Diabetes,2025,2500,32,1.62,0.37,1028036
Kilifi,Pneumonia,2018,2506,38,1.82,0.47,2239895
Kilifi,Pneumonia,2019,2567,31,0.98,0.57,909319
Kilifi,Pneumonia,2020,5313,39,0.64,0.54,1766556
Kilifi,Pneumonia,2021,5613,121,1.74,0.58,836986
Kilifi,Pneumonia,2022,2700,33,1.2,0.39,1502252
Kilifi,Pneumonia,2023,3116,37,1.04,0.47,1693982
Kilifi,Pneumonia,2024,3187,20,0.53,0.51,2055811
Kilifi,Pneumonia,2025,5501,79,1.35,0.56,596393
Busia,Malaria,2018,12836,588,3.97,0.43,2070889
Busia,Malaria,2019,8437,150,1.69,0.58,2340749
Busia,Malaria,2020,12996,277,2.58,0.6,1190955
Busia,Malaria,2021,15804,609,3.41,0.48,1038314
Busia,Malaria,2022,13618,455,3.02,0.41,1727222
Busia,Malaria,2023,9070,252,2.5,0.51,1365256
Busia,Malaria,2024,14284,226,1.47,0.48,1173422
Busia,Malaria,2025,11279,293,2.37,0.55,1766317
Busia,Respiratory Infections,2018,4446,79,1.67,0.51,1635371
Busia,Respiratory Infections,2019,3832,75,1.94,0.45,636285
Busia,Respiratory Infections,2020,1837,21,1.36,0.58,1285945
Busia,Respiratory Infections,2021,4081,30,1.03,0.31,1899769
Busia,Respiratory Infections,2022,3820,46,1.42,0.51,915466
Busia,Respiratory Infections,2023,5254,114,1.96,0.41,1654262
Busia,Respiratory Infections,2024,5629,31,0.69,0.36,1762032
Busia,Respiratory Infections,2025,4754,85,1.43,0.53,531085
Busia,Diarrheal Diseases,2018,4970,71,1.91,0.42,1505489
Busia,Diarrheal Diseases,2019,1451,12,0.84,0.38,2184361
Busia,Diarrheal Diseases,2020,4607,96,1.64,0.43,706903
Busia,Diarrheal Diseases,2021,2979,25,0.99,0.37,1721691
Busia,Diarrheal Diseases,2022,1161,13,1.03,0.32,747908
Busia,Diarrheal Diseases,2023,5640,36,0.72,0.56,1101982
Busia,Diarrheal Diseases,2024,5626,93,1.56,0.35,1069829
Busia,Diarrheal Diseases,2025,2169,16,0.72,0.38,677597
Busia,TB,2018,3629,404,11.89,0.51,1276372
Busia,TB,2019,734,77,10.08,0.5,1332423
Busia,TB,2020,2602,274,8.77,0.6,2042536
Busia,TB,2021,4792,303,6.37,0.52,2138846
Busia,TB,2022,4911,489,10.87,0.56,785713
Busia,TB,2023,3704,350,8.18,0.34,1058988
Busia,TB,2024,4769,309,6.23,0.47,2074745
Busia,TB,2025,984,67,6.61,0.41,698303
Busia,HIV/AIDS,2018,3218,234,9.0,0.38,2424507
Busia,HIV/AIDS,2019,1947,182,10.78,0.58,1358823
Busia,HIV/AIDS,2020,3046,169,6.0,0.54,1372834
Busia,HIV/AIDS,2021,1220,128,10.11,0.4,1532499
Busia,HIV/AIDS,2022,3553,243,6.77,0.46,783006
Busia,HIV/AIDS,2023,5033,499,9.36,0.32,781075
Busia,HIV/AIDS,2024,3438,243,6.86,0.36,516279
Busia,HIV/AIDS,2025,3929,579,11.64,0.48,1385050
Busia,Hypertension,2018,4507,43,1.38,0.53,1959900
Busia,Hypertension,2019,4140,68,1.64,0.51,987436
Busia,Hypertension,2020,1013,14,1.74,0.31,1989556
Busia,Hypertension,2021,2190,29,1.27,0.57,879593
Busia,Hypertension,2022,4409,18,0.58,0.47,1317459
Busia,Hypertension,2023,4174,22,0.74,0.43,1246760
Busia,Hypertension,2024,4228,51,1.59,0.48,1737063
Busia,Hypertension,2025,2303,29,1.07,0.42,1708458
Busia,Diabetes,2018,2688,37,1.66,0.5,2011252
Busia,Diabetes,2019,1113,8,1.08,0.31,1352159
Busia,Diabetes,2020,1068,14,1.66,0.4,1868880
Busia,Diabetes,2021,4803,90,1.5,0.38,1081904
Busia,Diabetes,2022,1834,21,0.98,0.58,884370
Busia,Diabetes,2023,4501,53,0.92,0.3,1486399
Busia,Diabetes,2024,4072,55,1.15,0.38,1210381
Busia,Diabetes,2025,2791,61,1.75,0.36,2383855
Busia,Pneumonia,2018,3715,18,0.64,0.48,850679
Busia,Pneumonia,2019,2320,27,1.17,0.37,1604381
Busia,Pneumonia,2020,4371,55,1.47,0.35,1880503
Busia,Pneumonia,2021,1408,31,1.91,0.44,1429896
Busia,Pneumonia,2022,4297,82,1.58,0.41,1102251
Busia,Pneumonia,2023,4951,31,0.66,0.52,1700002
Busia,Pneumonia,2024,5441,73,1.75,0.52,1380096
Busia,Pneumonia,2025,3688,55,1.92,0.52,2227512
Homa Bay,Malaria,2018,15431,305,2.17,0.31,1080971
Homa Bay,Malaria,2019,7742,162,2.74,0.56,1332359
Homa Bay,Malaria,2020,11087,256,2.23,0.58,1421287
Homa Bay,Malaria,2021,14392,364,3.34,0.32,1416004
Homa Bay,Malaria,2022,13308,306,2.76,0.57,1775393
Homa Bay,Malaria,2023,7815,237,2.98,0.33,1189753
Homa Bay,Malaria,2024,13046,311,1.89,0.55,1224857
Homa Bay,Malaria,2025,13890,520,3.91,0.4,742934
Homa Bay,Respiratory Infections,2018,3768,56,1.54,0.37,1362318
Homa Bay,Respiratory Infections,2019,4113,51,1.37,0.55,2147824
Homa Bay,Respiratory Infections,2020,2122,19,1.03,0.54,734000
Homa Bay,Respiratory Infections,2021,3888,23,0.63,0.44,879653
Homa Bay,Respiratory Infections,2022,2151,27,1.07,0.55,1933370
Homa Bay,Respiratory Infections,2023,2565,30,0.95,0.34,1168629
Homa Bay,Respiratory Infections,2024,5848,54,1.3,0.44,642867
Homa Bay,Respiratory Infections,2025,2498,47,1.48,0.47,2208557
Homa Bay,Diarrheal Diseases,2018,1642,14,1.13,0.48,524042
Homa Bay,Diarrheal Diseases,2019,1667,20,1.47,0.5,1538457
Homa Bay,Diarrheal Diseases,2020,3092,40,1.42,0.38,2241888
Homa Bay,Diarrheal Diseases,2021,2979,36,1.12,0.5,1719439
Homa Bay,Diarrheal Diseases,2022,5047,34,0.54,0.35,2055289
Homa Bay,Diarrheal Diseases,2023,2093,24,1.57,0.4,2273326
Homa Bay,Diarrheal Diseases,2024,5089,59,0.97,0.32,1606795
Homa Bay,Diarrheal Diseases,2025,3360,28,0.97,0.33,2100741
Homa Bay,TB,2018,945,92,10.47,0.43,671389
Homa Bay,TB,2019,3746,397,8.78,0.43,1076515
Homa Bay,TB,2020,4528,369,6.76,0.45,2319231
Homa Bay,TB,2021,2864,229,6.51,0.47,2059657
Homa Bay,TB,2022,5131,453,9.88,0.37,2376946
Homa Bay,TB,2023,3640,491,10.64,0.42,907407
Homa Bay,TB,2024,3535,301,11.93,0.48,1901430
Homa Bay,TB,2025,4997,368,5.84,0.35,1336690
Homa Bay,HIV/AIDS,2018,554,40,7.15,0.43,797883
Homa Bay,HIV/AIDS,2019,2251,205,7.93,0.57,1115416
Homa Bay,HIV/AIDS,2020,4124,166,5.7,0.5,2212243
Homa Bay,HIV/AIDS,2021,2447,115,6.64,0.55,848844
Homa Bay,HIV/AIDS,2022,3300,266,6.62,0.58,1332297
Homa Bay,HIV/AIDS,2023,1393,76,5.28,0.42,1926420
Homa Bay,HIV/AIDS,2024,836,49,5.08,0.39,1440335
Homa Bay,HIV/AIDS,2025,3564,356,7.78,0.46,1946714
Homa Bay,Hypertension,2018,2904,36,1.63,0.45,979806
Homa Bay,Hypertension,2019,2541,15,0.75,0.4,976963
Homa Bay,Hypertension,2020,3122,16,0.63,0.32,856427
Homa Bay,Hypertension,2021,1416,15,1.0,0.56,1779356
Homa Bay,Hypertension,2022,4721,64,1.23,0.47,2347756
Homa Bay,Hypertension,2023,4635,60,1.64,0.34,963685
Homa Bay,Hypertension,2024,1917,10,0.69,0.55,2071869
Homa Bay,Hypertension,2025,615,8,1.7,0.59,891011
Homa Bay,Diabetes,2018,2880,21,0.97,0.33,1169221
Homa Bay,Diabetes,2019,4547,82,1.51,0.42,787635
Homa Bay,Diabetes,2020,2760,31,1.04,0.38,1251393
Homa Bay,Diabetes,2021,2475,16,0.75,0.53,1558644
Homa Bay,Diabetes,2022,3038,39,1.2,0.42,1532321
Homa Bay,Diabetes,2023,3510,47,1.25,0.31,2319550
Homa Bay,Diabetes,2024,3956,20,0.69,0.48,1200270
Homa Bay,Diabetes,2025,878,10,1.21,0.36,1520462
Homa Bay,Pneumonia,2018,5071,90,1.69,0.45,2476850
Homa Bay,Pneumonia,2019,5574,101,1.51,0.4,1420041
Homa Bay,Pneumonia,2020,3676,57,1.4,0.47,2009405
Homa Bay,Pneumonia,2021,5271,49,0.84,0.37,1918060
Homa Bay,Pneumonia,2022,1864,11,0.83,0.34,671541
Homa Bay,Pneumonia,2023,896,5,0.57,0.4,554745
Homa Bay,Pneumonia,2024,5767,56,1.0,0.3,739455
Homa Bay,Pneumonia,2025,3336,19,0.54,0.43,1761179
